{
    "rmse": 0.6988750749856304,
    "mae": 0.5540721155766868,
    "r2": 0.28700803961281207
}